序号,题目,难度,分数,题型,选项(A),选项(B),选项(C),选项(D),选项(E),答案,
1,V9多联机可以搭配V8平台所有室内机使用。,,,是非题,是,否,,,,是,
2,V9多联机可以和V8标准系列室外机组合使用。,,,是非题,是,否,,,,否,
3,V9多联机全系列采用美的自主研发的喷气增焓涡旋式压缩机。,,,是非题,是,否,,,,否,
4,V9多联机电控盒防护等级IP68需要在出厂前定制实现。,,,是非题,是,否,,,,否,
5,美的V9多联机全系列采用三相平衡无零线设计，行业首创。,,,是非题,是,否,,,,否,
6,美的V9多联机单模块最大（）HP，最多（）台并联。,,,单选题,"42,3","42,4","46,4","46,3",,D,
7,V9多联机通过全系列四面换热器设计提升机组换热能力，实现真实环境（）℃制冷能力不衰减。,,,单选题,43,45,48,55,,A,
8,V9多联机新增的灵犀互动汉显小屏防护等级为（）。,,,单选题,IPX5,IP55,IP68,IP54,,B,
9,V9多联机实现过冷的主要部件是（）。,,,单选题,创新管路设计,冷媒微通道换热器,板式换热器,冷凝器,,C,
10,MDV9系列多联机具备超宽域室外机运行范围，制冷（），制热（-35～30℃)，轻松适应严苛的室外温度环境。,,,单选题,"（-20～58℃）
（-30～30℃)","（-20～60℃）
（-35～30℃)","（-15～58℃）
（-30～30℃)","（-20～60℃）
（-30～28℃)",,B,
11,MDV9系列多联机电压运行范围广，AC交流电压范围为（）交直流混动机型的直流电压范围为（）。适用于全球大部分地区，尤其对电压不稳定区域有良好的适应性。,,,单选题,"（260～490V）
（380～750V）","（260～490V）
（400～800V）","（266～496V）
（400～800V）","（266～496V）
（400～900V）",,C,
12,多联新风内机的运行温度是（）。,,,单选题,"制热：-30℃～10℃
制冷：5℃～55℃ ","制热：-30℃～20℃
制冷：5℃～55℃ ","制热：-15℃～20℃
制冷：10℃～43℃ ","制热：-5℃～16℃
制冷：20℃～43℃ ",,A,
13,V9的内外机配比范围为（），超过范围系统会报故障。,,,单选题,50～130%,80～110%,50～110%,80～130%,,A,
14,MDV9无界多联机采用的创新技术中，哪项用于解决电控发热密度增加的散热问题（）。,,,单选题,IP68等级电控防护,相变冷媒方式,G型换热器,纵向叠板技术,,B,
15,MDV9无界多联机的核心理念是（）。,,,单选题,因你无界，如你所见,节能管理，能源管理,光伏直流电改造,低温相变冷媒热管理技术,,A,
16,V9多联机电控全新升级设计，技术包含（）。,,,多选题,相变冷媒热管理,宽电压无零线,内置电表,全直流架构,,ABCD,
17,MDV9在可靠看得见方面对安装进行了创新设计包括（）。,,,多选题,全系列开门式面板设计,全直流架构,MDVLink通信,灵犀智慧屏,,ACD,
18,以下哪些技术是MDV9无界多联机的创新点？,,,多选题,"
全系列G型换热器","
IP68等级电控防护","
内置电表",支持交直流混动双输入,,ABCD,
19,MDV9交直流混动支持（）。,,,多选题,纯交流输入,纯直流输入,交直流混动双输入,储能设备改造,,ABC,
20,以下哪些品牌的大多联产品使用了“日立喷气增焓涡旋式压缩机”？,,,多选题,格力GMV9,海信M3,美的V9多联机,大金X10,,ABC,
21,23年款直流无刷风盘用的是哪种类型的温控器？,,,单选题,通讯类温控器,三速类温控器,非通讯类温控器,无源类温控器,,A,
22,25年款直流无刷风盘用的是哪种类型的温控器？,,,单选题,通讯类温控器,三速类温控器,非通讯类温控器,无源类温控器,,B,
23,现在在销售的交流风盘，接水盘是什么型的？,,,单选题,V型,U型,W型,L型,,A,
24,现在甲方要求交流风盘接入上位机系统，你应该怎么做？,,,单选题,定制主板带接口,选配非联网型三速温控器,选配联网型三速类温控器,选配联网型通讯类温控器,,C,
25,以下哪些类型是我们在销售的风盘,,,多选题,立式明装风盘,立式暗装风盘,三管制风盘,四管制风盘,,AD,
26,23年款直流无刷风盘不可以定制取消回风箱,,,是非题,正确,错误,,,,正确,
27,交流风盘可以现场更换接管左右接，但影响换热能力,,,是非题,正确,错误,,,,正确,
28,交流风盘可以现场更换回风形式（后回和下回），但影响换热能力,,,是非题,正确,错误,,,,错误,
29,现销的交流风盘可以接入哪个温控器?,,,单选题,海尔的三速温控器,美的的通讯类温控器,约克的通讯类温控器,格力的通讯类温控器,,A,
30,风盘应用在家庭场景时，哪个风盘应该被禁止选型。,,,单选题,FP-68-12pa,FP-102-12pa,FP-34-12pa,FP-204-12pa,,D,
31,变频H模块机130KW机组的水侧换热器类型是什么,,,单选题,套管,壳管,板换,高效罐,,C,
32,哪个系列可以机组内置水力模块,,,单选题,变频H模块130H2,定频H模块130H3(T),定频W模块130W,定频W模块65W,,A,
33,定频130H3(T)机组的水侧换热器类型是什么,,,单选题,套管,满液式壳管,板换,干式壳管,,D,
34,格力今年有个模块机新品势头很猛，它是多大能力，定频还是变频？,,,单选题,定频，130KW,定频，160KW,变频，150KW,变频，160KW,,D,
35,变频H模块机顶出风结构包含哪几个能力段,,,多选题,30kw,65KW,130KW,80KW,,BCD,
36,定频130H3(T)可以和130W共用一个线控器,,,是非题,正确,错误,,,,正确,
37,定频130H3(T)和130W共用一个线控器需要额外调试，并且是指定的线控器,,,是非题,正确,错误,,,,正确,
38,所有的模块机都可以接入i管家,,,是非题,正确,错误,,,,错误,
39,美的模块机的控制模式是？,,,单选题,出水控制,回水控制,出水/回水可选,流量控制,,A,
40,变频H模块130KW机组的压缩机是哪个品牌的？,,,单选题,美芝,日立,三菱,谷轮,,B,
41,模块机现在的综合能效系数是哪个？,,,单选题,APF,IPLV,CSPF,HSPF,,C,
42,新上市的VE750热水机是几级能效？,,,单选题,一级,二级,三级,四级,,A,
43,新上市的VE900热水机是几级能效？,,,单选题,一级,二级,三级,四级,,B,
44,常温型循环热水机一级能效COP要求值是？,,,单选题,A20W55工况下，COP＞4.6,A20W55工况下，COP≥4.6,A20W55工况下，COP＞4.4,A20W55工况下，COP≥4.4,,B,
45,现销最大热水机组能力是多少？,,,单选题,150KW,165KW,180KW,193KW,,D,
46,现行的热水机执行标准号是?,,,单选题,GB/T 21362-2008,GB 29541-2013,GB/T 21362-2023,GB 19577-2024,,C,
47,现行的热水机能效标准号是?,,,单选题,GB/T 21362-2008,GB 29541-2013,GB/T 21362-2023,GB 19577-2024,,C,
48,美的空气源热泵热水机组的水侧换热器是？,,,单选题,套管,壳管,板换,高效罐,,A,
49,不是美的空气源热泵热水机组水侧换热器的有？,,,多选题,套管,壳管,板换,高效罐,,BCD,
50,新上市的VE750热水机和VE900热水机标配了4G模块,,,是非题,正确,错误,,,,正确,
51,以下是美的空气源热泵热水机组的能力的是？,,,多选题,42KW,25KW,60KW,75KW,,AD,
52,循环式空气源热泵热水机机组为什么不推荐用在承压热水系统,,,单选题,无法直热，会破坏用水稳定性,开不了机,制热量减少,机组寿命不行,,A,
53,新上市的VE750机组内部有几个压缩机？,,,单选题,1,2,3,4,,B,
54,新上市的VE750机组压缩机用的是什么形式的？,,,单选题,转子压缩机,涡漩压缩机,螺杆压缩机,离心压缩机,,A,
55,目前变频烈焰（二代)系列中，单机能力最大是多少？,,,单选题,75KW制热量,165KW制热量,320KW制热量,480KW制热量,,D,
56,目前变频烈焰（二代)系列中，4800机组单个线控器可以最多控制多少台?,,,单选题,5台,8台,16台,32台,,A,
57,目前变频烈焰+系列中，5600机组单个线控器可以最多控制多少台?,,,单选题,5台,8台,16台,32台,,B,
58,采暖机组执行的标准号是？,,,单选题,GB/T 21362-2023,GB/T 18430.1-2024,GB/T 25127.1-2020,GB/T 19413-2024,,C,
59,采暖机组国标中要求的三个形式和水温是？,,,多选题,35℃，地暖型,41℃，风机盘管型,50℃，暖气片型,55℃，暖气片型,,ABC,
60,采暖机组国标中要求的制热工况有?,,,多选题,环温-12℃，出水41℃,环温-20℃，出水41℃,环温-12℃，出水45℃,环温-12℃，出水55℃,,AB,
61,以下哪些是不锈钢壳管的优势?,,,多选题,不容易结垢,不容易穿孔,清洗频次更低,容易维修,,ABC,
62,目前变频烈焰（二代)系列机型目前均标配4G模块,,,是非题,正确,错误,,,,正确,
63,目前变频烈焰（二代)系列机型目前均标配接水盘电加热带,,,是非题,正确,错误,,,,错误,
64,主销的定频烈焰1600，可以定制的承压压力是？,,,单选题,1.2Mpa,1.6Mpa,2.0Mpa,3.0Mpa,,B,
65,主销的定频烈焰1600，单台机组内有几个独立（氟）系统,,,单选题,1个,2个,3个,4个,,B,
66,主销的变频烈焰1650H3(T)机组，最低流量是？,,,单选题,4立方,8立方,16立方,32立方,,B,
67,MAV变频小精密系列的加湿类型为以下哪种？,,,单选题,湿膜加湿,电极加湿,红外加湿,以上都不是,,A,
68,MAV变频氟泵小精密系列的外机形式为以下哪种？,,,单选题,侧出风平板型外机,V型紧凑型外机,以上两种均有,,,C,
69,MAV变频氟泵小精密系列的电加热类型为以下那种？,,,单选题,热泵,金属电热丝,PTC,以上都不是,,C,
70,房间级精密空调风机下沉式安装时，静电地板的高度要求不低于？,,,单选题,300mm,450mm,600mm,无高度要求,,B,
71,我司目前在售的风冷变频氟泵空调的氟泵组件的安装位置在？,,,单选题,室内机,单独的氟泵柜,室外机,无该部件,,C,
72,MAV变频小精密系列支持单程管长最大到多少m？,,,单选题,20,40,60,100,,C,
73,GB 19576-2019对于计算机和数据处理机房用单元式空调机组，风冷式一级能效限定值为？,,,单选题,AEER≥4.0,AEER≥3.6,AEER≥3.0,AEER≥4.5,,A,
74,气氟一体列间空调使用的压缩机，压比最低能到？,,,单选题,1.05,1.1,1.12,1.15,,B,
75,我司目前在售MAH恒温恒湿机的温度控制范围为？,,,单选题,15℃~30℃,15℃~25℃,18℃~28℃,18℃~30℃,,C,
76,下列场景不属于MAU/D系列的使用场景的是？,,,单选题,档案馆/实验室,密闭场所且有稳定热源,配电间/电池间,控制温湿度的场所,,A,
77,风冷列间精密空调可满足的接管方式为？,,,多选题,上接管,下接管,左侧接管,右侧接管,,AB,
78,水冷精密空调在选型过程中必须要明确的工况参数包含以下哪些？,,,多选题,机组尺寸,回风温湿度,送风温湿度,进出水温,,BD,
79,风冷氟泵精密空调包含哪些运行模式？,,,多选题,机械模式,压泵模式,纯泵模式,其他,,ABC,
80,我司在售的房间级MA/C系列的送风形式包含？,,,多选题,上风帽送风,上接风管送风,静电地板下送风,水平送风,,ABC,
81,我司目前在售的精密空调的温湿度控制范围分别为？,,,多选题,温度±0.5℃,温度±1℃,湿度±5%,湿度±10%,,BC,
82,MAV变频小精密系列的能效等级均为一级能效,,,是非题,正确,错误,,,,正确,
83,氟泵类型机组均无需选配低温组件,,,是非题,正确,错误,,,,正确,
84,氟泵机组中的氟泵组件属于节能部件,,,是非题,正确,错误,,,,正确,
85,我司目前在售的MAH系列的节流方式为电子膨胀阀,,,是非题,正确,错误,,,,错误,
86,设计参数中的余压与送风方式及送风距离有关,,,是非题,正确,错误,,,,正确,
87,空调的冷负荷包括数据中心所有设备组件的发热量之和以及周围环境的热源这两个部分，下列选项发热量属于数据中心设备的发热量的是？,,,单选题,IT设备，UPS散热,新风系统带入的热量,人体散热量,围护结构传热,,A,
88,以下那种末端形式不属于近端制冷？,,,单选题,行级（列间）,风墙,背板,插框,,B,
89,以下选项中属于液冷系统发展的主要因素是？,,,单选题,占地面积小，提高数据机房出柜率,集成度高，系统维护方便,高密机柜数量的持续增加,建设成本低,,C,
90,GB50174-2017要求：冷通道/机柜进风区域温度不高于？,,,单选题,22℃,24℃,27℃,30℃,,C,
91,GB50174-2017要求：不间断电源系统电池室温度不高于？,,,单选题,24℃,28℃,30℃,35℃,,C,
92,GB50174-2017要求：A等级数据中心机房专用空调的配置原则是？,,,单选题,N+X（X=1~N）,N+1,N,其他,,A,
93,GB50174-2017标准将数据中心分为几个等级？,,,单选题,3,4,5,6,,A,
94,Uptime标准将数据中心分为几个等级？,,,单选题,3,4,5,6,,B,
95,当机柜进回风温差在11℃时，请计算1KW热量对应的风量是多少？,,,单选题,330m³/h,300m³/h,270m³/h,250m³/h,,C,
96,在液冷系统方案中我司目前可应对的类型为？,,,单选题,单相冷板式液冷方案,浸没式液冷方案,喷淋式液冷方案,相变冷板式液冷方案,,A,
97,数据中心设计常用的设计标准包括？,,,多选题,TIA942,GB50174,Uptime设计标准,TCECS 487,,ABCD,
98,水系统连续制冷设计，UPS需要带的部件有？,,,多选题,冷却水泵,冷机控制器,冷冻水泵,末端空调,,BCD,
99,按照算力类型划分，数据中心可以分为哪些类型？,,,多选题,算力数据中心,超算数据中心,智算数据中心,边缘数据中心,,ABCD,
100,数据中心基础设施都包含哪些部分组成？,,,多选题,IT设备,电源设备,制冷设备,动环设备（DCIM）,,ABCD,
101,以下属于数据中心用冷机的特点的是？,,,多选题,高出水温度,快速启动,全年制冷,0温差运行,,ABCD,
102,末端中高温风墙布局方案设计，必须有单独的空调设备间。,,,是非题,正确,错误,,,,正确,
103,GB50174中仅对A等级建设的数据中心暖通系统有连续制冷的要求。,,,是非题,正确,错误,,,,正确,
104,冷板式液冷系统中，冷板可以解决100%的热负荷，无需其他制冷耦合方案。,,,是非题,正确,错误,,,,错误,
105,美的高效机房的每台制冷主机需要配几个水管压力传感器？,,,单选题,1,2,3,4,,D,
106,一个有3台制冷机组的标准高效机房中，热量表至少有几台？,,,单选题,2,3,4,5,,D,
107,以下哪个不属于美控控制器产品？,,,单选题,E0,DDS,M0,PXC,,D,
108,美控的上位机软件叫什么名字？,,,单选题,WinCC,Desigo CC,KONG NZ,Metasys,,C,
109,在楼宇自控报价单中，自控产品不包括以下哪个？,,,单选题,无缝钢管,传感器,强弱电一体柜,上位机软件,,A,
110,以下哪个不属于楼宇自控的控制对象？,,,单选题,冷却水泵,摄像头,空调机组,锅炉,,B,
111,当冷冻供水温度高于目标设定值时，自控系统可以做什么？,,,单选题,多开一台冷水机组,降低冷冻泵运行频率,提高冷机出水目标值,不做任何操作,,A,
112,楼宇自控系统对制冷机房系统的监控，一般不包括以下哪项？,,,单选题,冷机出水温度智能设定,冷冻泵频率调节,冷却泵轴承振动幅度检测,冷却塔风机运行数量控制,,C,
113,在对末端水盘管空调箱进行控制时，以下哪个不是必须的？,,,单选题,风管温度传感器,调节型水阀,风阀执行器,风管CO传感器,,D,
114,以下关于楼宇自控系统中传感器的安装位置，说法错误的是？,,,单选题,水管温度传感器应插入水管1/3至1/2处,室外温湿度传感器应该需要阳光直射,电磁流量计安装应满足前10D后5D的直管段要求,水管压力传感器应该要斜45°安装,,B,
115,在制冷机房自控系统中，需要哪些常用的传感器？,,,多选题,水管温度传感器,水管压力传感器,室外温湿度传感器,室外光照度传感器,,ABC,
116,在末端组空的控制系统中，需要哪些产品？,,,多选题,调节水阀,控制柜,传感器,风阀执行器,,ABCD,
117,管道式电磁热量表包含哪些部分？,,,多选题,流量计,温度传感器,能量积分仪,压力传感器,,ABC,
118,自控系统调节水泵变频器的频率，可以用哪种形式？,,,多选题,无线WiFi,485通讯,4-20mA模拟量,0-10V模拟量,,BCD,
119,制冷机房自控系统中，如何判断需要多开一台冷机？,,,多选题,冷冻出水温度高于目标值,冷机运行负荷大于加机负荷设定值,距离上一台冷机开启已经超过延时时间,冷却泵频率运行最高,,ABC,
120,美控上位机软件，可以统计报警记录和数据记录。,,,是非题,正确,错误,,,,正确,
121,当冷冻供回水温差较大时，应该降低冷冻泵频率。,,,是非题,正确,错误,,,,错误,
122,防冻开关是用来避免冬季水盘管温度过低，输出报警信号的传感器。,,,是非题,正确,错误,,,,正确,
123,美的高效机房每台制冷主机冷冻支管的能量表可以取消。,,,是非题,正确,错误,,,,错误,
124,高效机房能耗监测时，冷冻泵和冷却泵的电表需要分别配置。,,,是非题,正确,错误,,,,正确,
125,高端酒店的空调需求特点不正确的是？,,,单选题,业态场景多,空调负荷大,部分区域有全年热负荷,客房有新风需求,,C,
126,酒店高大的大堂最有效的空调解决方案是？,,,单选题,全空气空调+新风系统,风机盘管+集中新风系统,多联机+集中新风系统,全空气空调+地板采暖系统,,D,
127,高端酒店客房噪音值一般控制在多少dB(A),,,单选题,37,36,35,34,,C ,
128,在寒冷地区酒店客房空调末端最理想的方式是？,,,单选题,分体空调,多联机室内机,风机盘管,风机盘管+地板采暖系统,,D,
129,一般场馆多功能厅应优先采用何种末端形式？,,,单选题,多联机室内机,组合式空调箱,风机盘管系统,吊顶式新风机组,,B,
130,大型水机输配管网优化中哪一项不是切入点,,,单选题,水泵工况效率,管道阻力,阀门是否为电动执行,管网不平衡率,,C,
131,高达空间场所空调送回风形式下列哪项不推荐采用？,,,单选题,制冷工况上送上回,制冷工况下送侧回,制热工况上送上回,制热工况侧送下回,,C,
132,高端酒店的空调需求特点不正确的是？,,,单选题,业态场景多,空调负荷大,部分区域有全年热负荷,客房有新风需求,,C,
133,连锁餐饮多联机系统中可采用哪些节能措施,,,多选题,室内机人感节能,多联机室外机喷淋系统,三管制多联机热回收技术,i管家,,ABCD,
134,酒店客房中空调系统噪音需要关注哪几个方面？,,,多选题,风机盘管设备,送回风管尺寸及接管长度,送回风口尺寸,保温方式,,ABC,
135,水源热泵空调系统的特点介绍正确的是？,,,多选题,属于可再生能源利用技术，效率高,可供暖，供冷及供应生活热水,供热工况下冷却端无化霜负担,适用于大部分项目,,ABC,
136,大型商场或高大场馆一般很少选用多联机系统或风机盘管系统是因为？,,,多选题,机外静压低,单机功率小,建筑吊顶要求高,投资高,,ABC,
137,区域能源站项目的投资主体是？,,,多选题,地方城投,央企,能源公司,设备厂商,,ABCD,
138,区域能源站相对于针对单体建筑冷热解决方案的优势有哪些？,,,多选题,可以实现多种能源互相补充,可以实现多种技术综合应用,有效减少总体设备装机容量,商业模式灵活,,ABCD,
139,设计方案为全空气空调系统的项目，一般情况下过渡季节最节能的运行方式是多机组低负荷运行,,,是非题,正确,错误,,,,错误,
140,针对方案层面进行最优组合配置所达到的节能潜力一般大于单一设备性能的提升,,,是非题,正确,错误,,,,正确,
141,风冷热泵机组可用于地板采暖系统,,,是非题,正确,错误,,,,正确,
142,若在严寒地区项目供暖保障性要求很高，则空气源热泵除了增加配置，没有其他措施,,,是非题,正确,错误,,,,错误,
143,商业综合体中的电影院业态一般设计成独立空调系统,,,是非题,正确,错误,,,,正确,
144,小王在优化某超高层建筑制冷机房系统时，为了节省机房面积将原高区系统通过增加平衡阀与低区系统改为共用一套分集水器,,,是非题,正确,错误,,,,错误,
145,医院放射科中的CT、DR通常采用什么空调？,,,单选题,多联机,精密空调,风机盘管,恒温恒湿空调,,A ,
146,MRI核磁共振通常用哪种形式的空调,,,单选题,机房精密空调,恒温恒湿机组,多联机,风机盘管,,B,
147,标准ISO14644中一般洁净手术室的洁净等级要达到多少,,,单选题,ISO 3级,ISO 7级,ISO 5级,ISO 1级,,B,
148,医院手术室通常是由哪个单位负责?,,,单选题,总承包单位,机电总包,暖通承包,净化总包,,D,
149,ISO 8级的换气次数应设置为多少,,,单选题,15-20,25-30,20-25,10-15,,D,
150,净化区新风集中处理不包含以下哪些好处？,,,单选题,深度除湿,减少循环机组再热量,人体舒适感更好,系统温湿度更稳定,,C,
151,医院中的生物信息机房一般采用什么空调,,,单选题,多联机,精密空调,风机盘管,恒温恒湿空调,,B,
152,学校图书馆档案馆通常用什么空调？,,,单选题,多联机,全空气系统,风机盘管,恒温恒湿空调,,D,
153,高大体育馆观众座位送风系统一般采用什么空气处理方式？,,,单选题,一次回风系统,二次回风系统,全新风系统,全回风系统,,B,
154,医院中央空调中的风机盘管如何满足满足PM2.5过滤效率≥90%，微生物一次性通过率≤10%，颗粒物一次计重通过率≤5%的要求？,,,多选题,初效过滤,中效过滤器,高效过滤器,静电除尘装置,,BD,
155,以下哪些是洁净度的影响因素,,,多选题,过滤效率,换气次数,房间正压,气流组织,,ABCD,
156,通常净化组空中包含什么功能段？,,,多选题,盘管段,再热段,加湿段,过滤段,,ABCD,
157,美的智慧医疗LIFE解决方案包含（）,,,多选题,交通流,信息流,体验流,能源流,,ABCD,
158,医院住院病房用能需求包括以下哪些？,,,多选题,制冷,供暖,生活热水,蒸汽,,ABC,
159,医院空调系统一般都有哪些空调类型？,,,多选题,舒适性空调,洁净空调,恒温恒湿空调,精密空调,,ABCD,
160,平急结合病区新、排风设备常采用什么方式解决变风量问题？,,,多选题,换皮带轮,风阀,风机台数,变频调节,,CD,
161,II级和III级手术室可以共用一个空调系统,正确,错误,是非题,正确,错误,,,,错误,
162,医院手术部全部采用洁净空调系统,,,是非题,正确,错误,,,,错误,
163,医院净化组空可以采用高压微雾的加湿方式。,,,是非题,正确,错误,,,,错误,
164,对空气处理的净化等级起决定作用的是最末端的过滤器,,,是非题,正确,错误,,,,正确,
165,制冷机房系统年综合能效定义是,,,单选题,制冷机房系统年总制冷和年总用电量的比值,空调系统总供冷功率和总用电功率的比值,空调系统运行时任意时间段测量的供冷量与用电量的比值,制冷系统运行时任意时间段测量得到的制冷量与用电量的比值,,A,
166,以下那个不是高效机房冷却塔优化选型措施,,,单选题,提高冷凝器冷却水侧的放热系数,增大冷却塔的型号,增加冷却塔变频风机,减小冷却塔的型号,,D,
167,高效制冷机房系统能效指标业内共识的高效机房的最低标准是多少,,,单选题,7,6,5,4,,C,
168,广东省以多少冷吨为界线划分了两种高效机房等级,,,单选题,400RT,500RT,600RT,700RT,,B,
169,美的高效机房群控的核心控制逻辑是什么,,,单选题,最佳能效寻优控制,人为控制,顺序控制,随机控制,,A,
170,高效机房初步方案图纸设计的流程是？,,,单选题,编辑器HVSP导出设计报告→CAD系统图快速绘制→CAD平面图快速绘制→导出暖通和自控清单,水泵及冷却塔厂家选型报告→鸿业软件计算管径→CAD绘制系统图平面图→人工统计清单,完全由总部同事主导对接,无流程,,A,
171,高效机房系统低阻力优化的应用的主要措施不含哪些？,,,单选题,主机两器水阻力优化,低阻力阀门阀件的应用,优化接管方式,增大两期水阻,,D,
172,哪些不是高效机房的设备选型建议要求？,,,单选题,冷水机组自带智能电表,水泵选型流量为冷水机组流量的2倍,水泵选型流量为冷水机组流量的1.05~1.1倍,冷却塔选用变流量喷头,,B,
173,美的高效机房机房平面设计核心要素不包含哪些？,,,单选题,达标达规,全生命周期的巡检/检修空间要求,美观性,随意性,,D,
174,高效机房不需要计量哪些设备的耗电功率？,,,单选题,冷水机组,冷冻水泵,冷却水泵,电灯,,D,
175,美的打造高效机房的解决方案主要有哪些,,,多选题,仿真模拟,优化设计,控制系统,高效建造,智慧运维,ABCDE,
176,高效机房系统精细化调试的主要内容有哪些,,,多选题,单机设备的调试,控制系统的调试,水（热）平衡调试,系统联调,能效验证,ABCDE,
177,美的高效机房机房水泵结构形式最常用是那两种？,,,多选题,卧式双吸水泵,立式泵,端吸泵,,,AB,
178,“并联系统设计”相对于“一对一系统设计”有哪些缺点?,,,多选题,管网阻力较大,冷水机组水流分配不均匀,需要增加冷水机组电动蝶阀及控制点位,在满足高效机房传感器配置的前提下，并联系统成本更高,,ABCD,
179,美的标准的高效机房具有哪些特征？,,,多选题,美的主机,美的控制,美的软件及控制器程序,水泵与主机一对一连接,,ABCD,
180,目前可视化编辑器HVSP可以完成机房内水力计算？,,,是非题,正确,错误,,,,正确,
181,高效机房自控系统包括制冷主机？,,,是非题,正确,错误,,,,错误,
182,高效机房自控系统中常用的通讯是WIFI连接？,,,是非题,正确,错误,,,,错误,
183,高效机房传感器精度要求标准高于常规机房精度要求标准？,,,是非题,正确,错误,,,,正确,
184,高效制冷机房商务合作模式可以采用技术咨询服务、设备销售、能效担保EPC、投资运营BOT等多种模式？,,,是非题,正确,错误,,,,正确,
185,MDSP新升级8760高效机房冷却塔系统形式是？,,,单选题,一机一塔,多机一塔,冷却塔组,不设冷却塔,,C,
186,MDSP新办公8760负荷采用几区模型？,,,单选题,1,3,5,8,,C,
187,MDSP未实现和什么机型loadline打通？,,,单选题,磁悬浮离心机,齿轮定频离心机,水冷螺杆,风冷大涡漩,,D,
188,MDSP8760对应loadline的冷却水进水温度跟什么直接相关？,,,单选题,全年冷冻水温度,全年湿球温度,全年干球温度,全年含湿量,,B,
189,MDSP8760模拟冷冻水泵扬程组成跟哪个无关？,,,单选题,冷凝器压降,蒸发器压降,机房内冷冻水阻力,机房外冷冻水阻力,,A,
190,下面哪个值是MDSP设置合理的水泵运行最低转速比？,,,单选题,90%,60%,30%,10%,,B,
191,MDSP主机最低流量率默认值是多少？,,,单选题,70%,50%,30%,10%,,B,
192,MDSP可以利用哪种逻辑模拟自控不完善按顺序开启机组的老旧机房,,,单选题,系统效率寻优逻辑,优先顺序启停逻辑,全变频逻辑,蓄冷控制逻辑,,B,
193,MDSP已实现哪些模拟功能？,,,多选题,普通机房,高效机房,冰蓄冷,空气源制热,,ABCD,
194,MDSP运行策略包含哪些设置？,,,多选题,群控策略,系统设计工况,冷却塔设计参数,变水温控制策略,,ABCD,
195,MDSP根据主机填写数据可以自动匹配哪些设备参数？,,,多选题,冷冻水泵,冷却水泵,冷却塔,水处理装置,,ABC,
196,MDSP8760模拟冷却水泵扬程组成是下面哪些参数构成的？,,,多选题,冷凝器压降,蒸发器压降,机房内冷却水阻力,机房外冷却水阻力,,ACD,
197,MDSP内置了哪些负荷业态,,,多选题,办公,酒店,医院,公寓,,ABCD,
198,MDSP不可以导入电价进行运行费用分析,,,是非题,正确,错误,,,,错误,
199,MDSP软件不支持多方案比较,,,是非题,正确,错误,,,,错误,
200,MDSP可以指定尖峰负荷生成8760负荷,,,是非题,正确,错误,,,,正确,
201,8760高效机房模拟默认使用系统效率最优逻辑,,,是非题,正确,错误,,,,正确,
202,MDSP蓄冷默认采用的是逐月典型日法,,,是非题,正确,错误,,,,正确,
203,下面哪个是静态冰形式,,,单选题,盘管内融冰,动态冰浆,片冰滑落式,过冷水式,,A,
204,现在最主流的蓄冰形式是什么,,,单选题,盘管静态冰,动态冰浆,片冰滑落式,过冷水式,,A,
205,下面哪个不是冰蓄冷系统的常见基础运行模式？,,,单选题,蓄冰模式,融冰模式,边蓄边供模式,联合模式,,C,
206,蓄冰模式下，哪个是一二次泵的定压装置？,,,单选题,板式换热器,蓄冰池,冷却水泵,双工况机组,,B,
207,下面哪种不是封装冰的常见形式？,,,单选题,冰浆,冰球,冰板,蕊芯球,,A,
208,蓄冷池高度与二次泵吸入侧压降关系为？,,,单选题,大于,小于,等于,不大于,,A,
209,下面哪种是最常见的防止所蓄冷水与回流热水的混合的方法？,,,单选题,多蓄水罐法,迷宫法,隔板法,自然分层法,,D,
210,水蓄冷蓄冷量跟哪个没有关系？,,,单选题,容积,温差,蓄冷时间,主机空调工况温度,,D,
211,盘管式制冰中常见的盘管有哪些？,,,多选题,蛇形盘管,圆形（螺旋）盘管,导热塑料盘管,U型盘管,,ABCD,
212,下面哪些是蓄冷的基础模式,,,多选题,蓄冷模式,释冷模式,联合模式,空调模式,,ABCD,
213,下面哪些是外融冰系统的常见特点？,,,多选题,融冰速度快,系统结构复杂,适合于大温差、低温供冷系统,出水温度高,,ABC,
214,下面哪些是防止所蓄冷水与回流热水的混合的方法？,,,多选题,多主机配置,迷宫法,隔板法,自然分层法,,BCD,
215,蓄冷需要着重考虑哪些前提条件？,,,多选题,负荷分布,楼层高度,占地空间,峰谷电价,,ACD,
216,蓄冷系统能节省很多耗电量,,,是非题,正确,错误,,,,错误,
217,下图是主机上游串联系统形式,,,是非题,正确,错误,,,,错误,
218,水蓄冷常见蓄冷工况主机出水温度为4℃,,,是非题,正确,错误,,,,正确,
219,冰蓄冷常见蓄冷工况主机出水温度为-5.6℃,,,是非题,正确,错误,,,,正确,
220,水蓄冷系统一定需要基载机,,,是非题,正确,错误,,,,错误,
221,符合公司要求的收款类型为：,,,多选题,银行电汇,集团白名单以内的银行承兑汇票,商业承兑汇票,支票,,AB,
222,涉外、PAM执行等不在Salesmart产生提货的新增签约，需维护的签约类型,,,单选题,仅做签约管理,一般工程项目,渠道流水项目,美通能源项目,,D,
223,工程直签业务的模式包括哪些具体业务细化分支,,,多选题,暖通工程直签业务,美通能源管理业务,美控智能化弱电业务,电梯销售安装业务,,ABC,
224,总部对于分部主导的，由重点客户配合的暖通直签业务的自有设备占比要求最低是20%,,,是非题,正确,错误,,,,正确,
225,对于工程直签业务外采招标的规定中关于跟标的表述正确的是,,,多选题,项目所跟标的合同签订必须产生于6个月内,项目跟标的规模不能大于被跟标项目的两倍,跟标的市场行情没有发生大的变动,有集团集采的框架合同，跟标的时间可以根据框架协议有效期调整,,ABCD,
226,暖通直签业务，有经销商参与的，项目评审表中应该单独体现其利润及费用明细,,,是非题,正确,错误,,,,正确,
227,暖通工程直签业务中，外采询价比价的最少供应商要求是几家,,,单选题,2家,3家,4家,5家,,B,
228,集团招标管理办法规定的技术分、价格分综合得分评标办法中技术分占比最高可达（非设计方案类）,,,单选题,20%,30%,40%,0.5,,D,
229,集团招标管理办法规定的可以指定采购的情形包括,,,多选题,美的集团内部单位参与的项目,供应商拥有特定的技术、专利的项目,由原设备/基建/IT供应商对项目实施的改造、升级项目,部分稀有物资，供应资源达不到招标条件的项目,标的额低于50万的项目,ABCD,
230,工程直签业务中一般涉及保函开具，包含具体包括哪几类,,,多选题,预付款保函,履约保函,质保保函,担保保函,投标保函,ABCE,
231,集团招标管理办法中约定的投标担保的形式有,,,多选题,公对公转账,机打支票,未付合同款项担保,投标保函,,ABC,
232,集团招标管理办法中约定的投标担保标准最高不得超过标的额的,,,单选题,1%,0.02,3%,5%,,B,
233,暖通工程直签业务接单规则中要求项目总体最低利润不得低于,,,单选题,3%,0.05,7%,8%,,B,
234,暖通工程直签业务评审表中的项目总体利润应该是含税计算的,,,是非题,正确,错误,,,,错误,
235,在承接跨地域的直签项目时应考虑项目过程预缴附加税成本,,,是非题,正确,错误,,,,正确,
236,暖通直签工程业务对甲合同中约定税率全部为9%是有税务风险的,,,是非题,正确,错误,,,,正确,
237,对于外采设备的质保要求一般为,,,单选题,与甲方对我方要求一致,年限越长越好,费用越低越好,高于甲方对我方要求为好,,A,
238,以下哪个是廉正办公室的举报及咨询邮箱？,,,多选题,compliance@midea.com,tousu@midea.com,mdvtousu@midea.com,lianzheng@midea.com,,AB,
239,已维护中标项目签约金额有调整，在原登录上手工调整各产品线签约金额,,,是非题,正确,错误,,,,正确,
240,合同金额超过多少需要招标？,,,单选题,5万,10万,1万,3万,,A,
241,电梯暂停出梯鉴定为不良库存的起算天数正确的是？,,,单选题,30天,90天,180天,365天,,B,
242,关于项目制管理正确的是（）,,,多选题,总部、销司直签的甲方业务，通过商机号作为项目号，串联整个业务全链路数据,涉及应收、价差等核算,项目制管理一定要做商机分配，并选择项目制,项目制管理与非项目制管理确认收入规则不一致,,ABCD,
243,关于外经证的办理及核销，以下说法正确的是,,,多选题,外经证在核销前需按月预缴个税,外经证预缴税款后可直接核销,外经证预缴税款后才能开具安装发票,若项目提前完工，可在完工后即时办理核销,,ABD,
244,甲方版本保函模板不需要通过银行法审,,,是非题,正确,错误,,,,错误,
245,合同发票已全额开具，当合同金额发生调减时，已开具的发票处理方式不正确的是,,,多选题,与客户沟通不处理，在代理商配合费扣减,在合作的其他合同里少开,沟通IT在系统调减已开发票数据,核对合同调减金额，沟通财务核对已开票数据，进行发票红冲处理,,ABC,
246,以下合同税率正确的是,,,单选题,设备销售：9%,工程安装：6%,设备保养：9%,设备维修：13%,,D,
247,对于搭车提货，以下说法错误的是,,,单选题,视情节扣回经销商不当得利（20000元-提货规模的10%-50%）,扣回中心提货规模10%-50%，结合搭车比例扣减政策资源,处罚责任业务5000元/单,处罚中心经理10000元/单,,C,
248,应收鉴定为逾期的起算天数正确的是：,,,单选题,365天,180天,90天,30天,,C,
249,甲方项目挂靠费为项目金额的（),,,单选题,1%,0.02,3%,4%,,B,
250,专项费用与五项费用的预算不允许互相调剂。同部门的业务招待费，可与其他项目预算相互调剂。,,,是非题,正确,错误,,,,对,
251,美的现销小多联产品中，主推的单风轮室外机是以下哪个系列？,,,单选题,TR+V Pro系列,TR+mini Pro系列,TR+F Pro系列,TR+S Pro系列,,A,
252,美的现销小多联室外机容量范围描述错误的是？,,,单选题,单相电室外机为8~20kW,单风轮室外机为8~18kW,单风轮室外机为8~22.4kW,双风轮室外机为12~33.5kW,,C,
253,哪个不是轻商15/20匹商用柜机产品的特点？,,,单选题,采用直流电机,蒸发器与电控分离，易清洗,机身标配线控器KJR-86S/BK,标配6米扬程排水泵,,D,
254,以下对小多联厨房空调内机的描述错误的是？,,,单选题,包含25、28、32、36四种容量,静压最大30Pa,标配初效滤网和耐油污滤网,采用金属风轮,,B,
255,美的小多联可采用的控制方式不包含哪个？,,,单选题,线控器控制,集控屏控制,美的美居APP控制,智能音箱语音控制,,D,
256,关于美的现销天氟地水产品，说法不正确的是？,,,单选题,室外机容量范围为8~33.5kW,外机与水力模块为分体式,外机与水力模块为整体式,用户可在25～55℃范围内设定供水温度,,C,
257,关于小多联TR+V Pro风管式室内机说法错误的是？,,,单选题,可以下回风，也可以后回风,一机兼容左右接管,无检修口，下回风口即检修口,易清洁&易拆装,,A,
258,关于行业内小多联风管式室内机蒸发器类型错误的是？,,,单选题,美的 C型蒸发器,格力 一字型蒸发器,海尔 V型蒸发器,日立 V型蒸发器,,B,
259,轻商MDV Power系列不包含以下哪款室内机？,,,单选题,7.5kW嵌入式内机,15kW嵌入式内机,12.5kW风管式内机,7.5kW风管式内机,,D,
260,关于美的小多联风管式室内机的描述不正确的是？,,,单选题,采用直流冷凝水泵,产品高度统一为199mm,C型金色换热器,无恒风量技术,,D,
261,美的房产配套小多联现销型谱室内机类型包含哪些？,,,多选题,风管式室内机,壁挂式室内机,厨房空调室内机,环形出风嵌入式室内机,,ABC,
262,美的双向流除霾新风机(小箱体)包含哪些风量机型？,,,多选题,150,250,350,500,,ABCD,
263,轻商MDV Power系列可选的固定内外机搭配有哪些？,,,多选题,六匹一拖二,十匹一拖二,十五匹一拖三,二十匹一拖四,,ABCD,
264,美的现销小多联产品可定制的功能包含哪些？,,,多选题,净离子杀菌,精准除湿,电量划分功能,精准加湿,,ABC,
265,关于美的轻商变频十匹、二十匹大风管机的说法正确的是？,,,多选题,一套二十匹大风管系统包含两台室外机+一台室内机,室外机均采用直流变频压缩机,十匹风管机为二级能效产品，无节能认证,二十匹T1机型为一级能效产品，高效节能,,ABD,
266,轻商MDV Power系列的内、外机可以与其它系列产品机型匹配。,,,是非题,正确,错误,,,,错误,
267,轻商20匹商用柜机，最远可45米远距离、90°大角度送风。,,,是非题,正确,错误,,,,正确,
268,小多联现有风管式室内机出厂不标配显示盒，可用单向红外通讯的线控器控制。,,,是非题,正确,错误,,,,错误,
269,现销天氟地水产品中的120、180、285规格的水力模块，均标配了线控器。,,,是非题,正确,错误,,,,正确,
270,美的小多联同一套冷媒系统中，不可混搭C型蒸发器的风管内机和V型蒸发器的风管内机。,,,是非题,正确,错误,,,,正确,
271,关于磁悬浮离心机整机5年质保，错误的是？,,,单选题,自2024年9月28日开始。,仅适用于销售到中国大陆及港澳台地区。,适用于所有工况的机组。,5年质保是以出厂日期开始计算的。,,C,
272,大水机产品，可支持购买延保最长至几年？,,,单选题,3年,4年,5年,6年,,D,
273,对于尚在质保期内的项目，要购买延保的时间要求是？,,,单选题,交付后3个月内,交付后1个月内,常规质保期≥120天,常规质保期≥30天,,C,
274,对于大水机产品质保期，以下描述错误的是？,,,单选题,质保期内的免费维修范围，是包含人工和材料费的。,质保范围不包含润滑油、过滤器等耗材和易损件。,现在下单采购的大水机产品，标准质保期是出厂24个月或调试后18个月，先到为准。,大水机标准质保期调整是针对从2025年1月1日开始下单销售至中国大陆地区的机组。,,C,
275,关于磁悬浮离心机10年保修，错误的是？,,,单选题,自2022年10月1日起下单销售至中国大陆地区的机组。,十年免费保修服务的起始日期为产品出厂日期。,用于单工况冷水机组（不含蓄冰、热泵、热回收等差异化工况机组）。,磁悬浮离心压缩机部件保修范围为压缩机本体及本体附属关键部件。,10年质保是没有条件的。,E,
276,关于常规末端自控系统的价格与服务内容，以下哪个描述是正确的？,,,单选题,A. A≤500平方米的项目价格为23000元,B. 500<A≤1000平方米的项目服务包含现场培训指导,2000<A≤3000平方米的项目服务内容为"保密",所有项目都包含质保期（一年）内的系统维护,,A,
277,关于高效机房群控系统和其他自控系统的服务内容，以下哪个描述是正确的？,,,单选题,A. 高效机房群控系统包含自控系统的图纸深化和安装技术交底,B. 其他自控系统包含现场网络及配电测试和单点调试,C. 高效机房群控系统不包含客户系统操作培训,D. 其他自控系统不提供质保期内的系统维护,,A,
278,延保服务销售业绩的计入依据是什么？,,,单选题,A. 合同签订对象,B. 合同金额,C. 延保周期标准,D. 产品维修记录,,B,
279,美的原厂分歧管包含以下哪些系列？,,,单选题,A. F系列室内分歧管,B. C系列室内分歧管,C. 外机并联分歧管,D. 以上都是,,D,
280,关于其他自控系统的服务内容，以下哪个描述是正确的？,,,单选题,A. 单台直膨机控制柜（美控）不包含现场勘查和安装技术交底,B. 单台末端组空控制柜（美控）的服务包含触摸屏组态编制,C. 其他自控系统不提供质保期内的系统维护,D. 偏远区域的调试费用标准不上浮,,B,
281,烈焰1600机组最低运行环温是？,,,单选题,-26℃,-30℃,-35℃,-36℃,,C,
282,商用热水产品最大可以几台组合，最大单机热量（A20W55）为多大？,,,单选题,"4,93","6,193",16193,"16,197",,C,
283,7英寸彩屏集控器MDV8-TC3-7可连接（ ）台内机，（ ）个冷媒系统。,,,单选题,"64,8","128,6","64,1","64,4",,A,
284,V8系统在Changeover模式（切换模式）下时，若VIP室内机处于待机状态时，针对哪一项是正确的？,,,单选题,系统将始终运行在供暖模式下。,若制冷与供暖请求数量相同，则系统运行制冷模式。,系统将停止运行，直到 VIP 室内机被唤醒。,在切换模式下，VIP室内机无法选择自动模式。,,B,
285,在制冷模式下，空调系统自动执行回油控制（自动操作）的触发条件是？,,,单选题,当压缩机初始运行累计2小时，或排油量达规定水平，或累计运行4小时时。,当压缩机初始运行累计2小时，且排油量达规定水平，且累计运行4小时时。,当压缩机累计运行时间达到4小时，或排油量计算值超过预设标准时。,当压缩机初次运行满2小时后，系统将定期每4小时执行一次回油操作。,,A,
286,多联机集控网关IMMProII-M0需要计费功能的，要单独采购（）。,,,多选题,计费许可,电表,IMMPRO软件,CCM18(Modbus-M),,AB,
287,大多联AIRC+II室内机可搭配的室外机包含（）。,,,多选题,MDV-FIT全系列,标准系列,V8Pro系列,Free系列,,BCD,
288,到26年5月，大水机自主调试范围覆盖的产品系列有哪些？,,,多选题,1300RT及以下的离心机,1300RT以上的离心机,风冷和水冷螺杆机,风冷和水冷涡旋机,空压机及鼓风机,ABCDE,
289,虚拟服务公司试点中心是哪几个？,,,多选题,佛山,福建,重庆,湖北,河南,ACD,
290,关于分歧管销量统计要求，以下哪些说法是正确的？,,,多选题,采购总量包含F系列、C系列室内分歧管及外机并联组件,应采购量按大多联和小多联室内机数量的80%计算,F系列采购数据来源于CSS系统,C系列采购数据来源于SaleSmart系统,,ABCD,
291,关于分歧管考核的相关规定，以下哪些说法正确？,,,多选题,考核时间为2025年11月1日-2026年12月31日,年度分歧管采购比例总任务达成可退还此前负激励,激励金额兑现由用户服务及后市场部按季度执行,分歧管采购考核数据由财务管理部统计,,AB,
292,延保服务包含产品保养及易损件更换。,,,是非题,正确,错误,,,,错误,
293, 常规末端自控系统中，2000<A≤3000平方米的项目服务内容为"保密",,,是非题,正确,错误,,,,正确,
294,高效机房群控系统的服务内容不包含客户系统操作培训,,,是非题,正确,错误,,,,错误,
295,根据分歧管销售考核通知，F系列室内分歧管适用于制冷量180kW及以上的多联机室内机,,,是非题,正确,错误,,,,错误,
296,离心机组（含磁悬浮）无论是否配置热气旁通，能调范围都是10%-100%之间。,,,是非题,正确,错误,,,,错误,
297,各中心服务商可自由的在各大网商平台开网店销售我司配件。,,,是非题,正确,错误,,,,错误,
298,大水机i管家目前不支持远程开关机及参数设置。,,,是非题,正确,错误,,,,正确,
299,大水机调试服务是免费的。,,,是非题,正确,错误,,,,错误,
300,烈焰大温差功能是指全程可以保持设定的温差运行,,,是非,正确,错误,,,,错误,
301,V8pro系列产品容量8～36HP，全系列可自由组合,,,是非,正确,错误,,,,正确,
302,双热源室内机的出风口尺寸与热水盘管的进风口尺寸不同，二者连接需工程上自行采购柔性软管现场连接。,,,是非,正确,错误,,,,正确,
303,轻商一级能效小风管机TR+P系列，如需接入第三方集控系统，可通过内机接新款网络模块（MD-NIM03）的方式，不需要加Modbus网关。,,,是非,正确,错误,,,,正确,
304,G系列吊顶空调箱常规内外板板材厚度是多少？,,,单选题,0.35mm,0.5mm,0.7mm,1.0mm,,A,
305,新软件平台的安装注册及日常打开软件，务必以：,,,单选题,直接单击打开,直接双击打开,右键，“以管理员身份运行”打开,右键，打开,,C,
306,末端使用的过滤器，两级过滤器最优等级差是多少？,,,单选题,4~8级,2~4级,1~3级,5~9级,,B,
307,末端过滤器和电加热功能段相邻时，中间最少需要留多少空间合适,,,单选题,不需要留空间,500mm,300mm,800mm,,C,
308,舒适性场合，如客户没有要求，全静压一般多大开始会选后倾风机？,,,单选题,全静压〉800Pa,全静压〉1800Pa,全静压〉1400Pa,全静压〉1200Pa,,D,
309,我司生产的表冷器，12.7管径标配的铜管壁厚是多少？,,,单选题,0.24,0.3,0.33,0.5,,C,
310,MKS15WSY/D这个机型的表冷器排数是多少,,,单选题,2排,3排,4排,6排,,B,
311,我司自制的立式标准空调箱，目前能做到的最大风量是多少？,,,单选题,15000m3/h,25000m3/h,40000m3/h,50000m3/h,,B,
312,在常见的空气热湿处理过程中，干盘管属于哪个处理过程,,,单选题,等湿冷却,减湿冷却,等焓加湿,等焓减湿,,A,
313,目前组空常规电机的防护等级是,,,单选题,IP54,CE,IP55,IP65,,C,
314,G系列吊顶空调箱和D系列对比，主要的差异点正确的说法是：,,,多选题,发泡板为无型材结构，内外双层钣金一体式发泡。,板厚25mm,进风法兰为镀锌板+喷涂,水盘+底面板一体发泡成型,,ACD,
315,F系列空调箱说法正确的是,,,多选题,单壁结构,MKZ02~06风电机直连传动,MKS08~15风电机皮带传动,双壁结构,,ABC,
316,关于风机选型，下边说法正确的是,,,多选题,吊顶机组风机直接出风时，建议风机出风方向选FB,风机转速一般不能超过3500rpm,风机出口风速一般按小于16m/s选型,无蜗壳风机使用的电机工作频率选择在40~70HZ 之间,,ABD,
317,末端使用的等温加湿器有哪些？,,,多选题,电级加湿器,湿膜加湿器,电热加湿器,干蒸汽加湿器,高压微雾加湿器,ACD,
318,对于转轮热回收的描述，下边正确的有哪些？,,,多选题,转轮迎面风速一般3~5m/s，风速越高，转轮尺寸越小，价格越低,针对北方地区冬季新风温度低易冻结，新风温度低于-5℃时，建议增加预热处理,转轮入口处设过滤器，尤其新风侧,选用显热回收转轮时需要考虑冷凝水的排放，需选接水盘,转轮新排风量差额一般不大于10%，当新风量大于排风量较多的时候，设新风旁通,ABCDE,
319,四代组空判别组左右的方式为：面对气流方向，进出水管在左侧为左机，反之为右机,,,是非题,正确,错误,,,,正确,
320,医院等对噪音要求较高的场合，建议全静压≤1300pa，选前倾风机；考虑到噪音要求有限选择低转速，风机最大转速不超过2500r/min,,,是非题,正确,错误,,,,正确,
321,热管热回收为全热热回收，能回收显示和潜热。,,,是非题,正确,错误,,,,错误,
322,亿利达风机框架价格，L<R<K<Z,,,是非题,正确,错误,,,,正确,
323,恒温恒湿的工艺性组空可以选用湿膜加湿器,,,是非题,正确,错误,,,,错误,
324,工业高温热泵主要应用温度范围是多少？,,,单选题,45℃以下,60℃以下,200℃以下,200℃以上,,C,
325,美的高温热泵核心优势是什么？,,,单选题,品类齐全,市占率高,价格便宜,应用案例多,,D,
326,美的离心高温热泵目前可接单出水温度最高到多少度？,,,单选题,150℃,130℃,100℃,80℃,,B,
327,美的螺杆高温热泵目前可接单出水温度最高到多少度？,,,单选题,95℃,90℃,85℃,80℃,,A,
328,美的离心高温热泵单压缩机温升能力能做到多少K？,,,单选题,30,40,50,60,,C,
329,美的螺杆高温热泵单压缩机温升能力能做到多少K？,,,单选题,40,50,60,70,,D,
330,美的高温热泵主要采用的制冷剂是？,,,单选题,R134A,R515B,R245fa,R1234Ze,,B,
331,目前在售130℃出水高温热泵采用的压缩机是？,,,单选题,齿轮增速压缩机,磁悬浮压缩机,变频直驱压缩机,螺杆压缩机,,C,
332,高温离心热泵负荷调节范围一般在多少？,,,单选题,10%-100%,40%-100%,60%-100%,80%-100%,,C,
333,单台热泵机组容器单侧温差一般控制在多少以内？,,,单选题,20℃,15℃,10℃,5℃,,A,
334,工业高温热泵主要应用领域有哪些？,,,多选题,化工,食品加工,纺织印染,医药制造,汽车制造,ABCDE,
335,高温热泵传统空调品牌有哪些？,,,多选题,约克,格力,荏原,冰山,冰轮,ABCDE,
336,高温热泵系统中有哪些设备构成？,,,多选题,热泵机组,闪蒸罐,气液分离器,水蒸汽压缩机,换热器及水泵,ABCDE,
337,主要影响热泵的效率因素有哪些？,,,多选题,温差,压缩机形式,冷媒,电压,,ABC,
338,美的100℃以上高温热泵案例有哪些？,,,多选题,长鑫存储高温热泵项目,紫金矿业新疆基地项目,厦门双桥食品厂项目,浙江芳馨医药项目,,CD,
339,美的高温热泵尾椎代号-HP，一般指＞60℃热水时。,,,是非题,正确,错误,,,,A,
340,高温热泵热源侧进水温度越高越好。,,,是非题,正确,错误,,,,B,
341,美的磁悬浮热泵可以做到80℃出水。,,,是非题,正确,错误,,,,B,
342,美的水蒸气压缩机可以提供200℃以内的饱和蒸汽。,,,是非题,正确,错误,,,,A,
343,制热量只与总的流量和总的温差有关，与系统机组串联并联无关。,,,是非题,正确,错误,,,,A,
344,体现磁悬浮空压机能效的比功率通常指的什么？,,,单选题,"输入功率/容积流量（按20℃环温,1atm，60%湿度折算）","容积流量（按20℃环温,1atm，60%湿度折算）/输入功率","输出功率/质量流量（按0℃环温,1atm，0%湿度折算）","质量流量（按0℃环温,1atm，0%湿度折算）/输出功率",输出功率/输入功率,A,
345,磁悬浮空压机：容积流:43m3/min，压力3公斤，输入功率156KW，该空压机气电比(单耗)约等于多少kWh/m3？,,,单选题,3.628,3.721,0.061,0.071,0.081,C,
346,磁悬浮空压机/螺杆空压机：m3/min默认的进气工况是什么？,,,单选题,"20℃环温,1atm，60%湿度","20℃环温,1atm，80%湿度","0℃环温,1atm，0%湿度","35℃环温,1atm，0%湿度","35℃环温,1atm，80%湿度",A,
347,以下设备不属于空压机系统中的干燥机的是？,,,单选题,冷干机,无/微热吸附式干燥机,微/零气耗鼓风热再生干燥机,微/零气耗压缩热再生干燥机,喷雾干燥机,E,
348,以下哪些功能不属于空压机系统中储气罐的功能？,,,单选题,储存空气,缓冲作用,初步降温/冷凝,平衡系统压力,粉尘沉淀过滤,E,
349,磁悬浮空压机压缩机的冷却形式？,,,单选题,液冷,风冷,气液耦合,冷媒冷却,蒸发冷却,C,
350,关于齿传空压机描述错误的是？,,,单选题,只能定频运行,机组标配钣金外壳撬装,流量范围通常为70%-100%,热回收利用价值高,生产无油成品气,B,
351,空压机的选型，初步需要收集的关键信息不包含？,,,单选题,流量/压力/环温/海拔,有油/无油,风冷/水冷,定频/变频,吸排气接管方向,E,
352,以下产品不属于无油（气体压缩-排气）类型空压机的是？,,,单选题,ACWD132-8-VA-PF,水润滑螺杆机,ACMD200-5D,ACHE1200-8,ACLD90-8-VA-DS,E,
353,磁悬浮空压机对比无油干式螺杆空压机，通常宣称能效能提升多少以上？,,,单选题,5%,8%,20%,40%,50%,C,
354,以下零部件属于磁悬浮空压机标配的有哪些？,,,多选题,内循环冷却水泵,开式叶轮,中冷器,磁轴承控制板,IGV进气导叶,ABCD,
355,磁悬浮空压机常见需求场景有哪些？,,,多选题,无油成品气,宽域调节（30%-100%）,低维保费用,低频维保周期,高能效/低噪,ACDE,
356,齿传空压机常见需求场景有哪些？,,,多选题,大流量应用,无油成品气,380V电制,10KV电制,定频/变频运行,ABCD,
357,磁悬浮空压机系统中一般包含哪些设备？,,,多选题,自洁过滤器,储气罐,"C,T,A级过滤器",冷干机/吸干机,冷却塔+水泵,BCDE,
358,磁悬浮空压机主要的竞品品牌有哪些？,,,多选题,亿昇,磁谷,鑫磊,英格索兰,阿特拉斯,ABC,
359,我司所有变频螺杆空压机均为永磁同步电机。,,,是非题,正确,错误,,,,正确,
360,磁悬浮空压在额定工况下流量调节范围为40-100%。,,,是非题,正确,错误,,,,错误,
361,空压机行业常用的压力单位：1Mpa=10bar=10公斤=1000Kpa。,,,是非题,正确,错误,,,,正确,
362,8bar齿传空压机通常为3级压缩，压缩级间空气采用风冷或水冷冷却。,,,是非题,正确,错误,,,,错误,
363,比功率和气电比的值越低，机组越节能。,,,是非题,正确,错误,,,,正确,
364,以下那个部件是美的标准齿轮离心机组额外定制的？,,,单选题,蒸发器水流开关,冷凝器水流开关,蒸发器安全阀,冷凝器安全阀,,B,
365,对美的变频直驱机组以下说法正确的是,,,单选题,满液式蒸发器,永磁电机,具备高位油箱,油箱外置式,,D,
366,以下那个是离心最新的标准机组型号,,,单选题,CCWE-HV,CCWF-H10,CCWE-HS10,CCWE-E10,,D,
367,以下那个不是高压直驱机组需要额外定制的,,,单选题,5%谐波,全年制冷零温差启动,快速启动,热气旁通,,A,
368,以下那个是齿轮离心机组无需定制的？,,,单选题,弹簧减震,热气旁通,二级可调节流,高位油箱,,D,
369,按国标工况以下说法正确的是？,,,单选题,定频齿轮机组定制IPLV7.0,可定制2500RT高压直驱,小冷量600RT高压机组可定制,1600R可定制低压机组,,C,
370,直驱和齿轮机组差异说法错误的是？,,,单选题,都有油加热器,都有可调导叶,电机转速都可以达到10000转/分以上,都是双级节流,,C,
371,直驱离心机组最核心的特点是,,,单选题,高强度增速装置,电机直驱叶轮,热气旁通,变频启动,,B,
372,齿轮离心机组不可定制的启动方式是？,,,单选题,高压直接启动,星三角启动,机载高压变频启动,自耦串电抗启动,,C,
373,变频直驱机组不能定制的项目是？,,,单选题,星三角启动,全年制冷,热回收,1300RT高压变频,,A,
374,以下哪些部件是属于美的齿轮离心机组,,,多选题,联轴器,半封闭电机,闭式叶轮,冷媒滤清器,,BC,
375,标准变频直驱机组以下说法正确的是,,,多选题,双一级能效,内置油箱,可调二级节流,全系谐波5%,,AC,
376,市场中有类似美的变频直驱机组的品牌是？,,,多选题,格力,特灵,开利,海尔,,ABC,
377,影响离心机组能效（COP及IPLV)的配置有哪些？,,,多选题,可调节流,变频,水路旁通,变频油泵,,AB,
378,变频离心机组防喘可以采用以下哪些方法？,,,多选题,频率调节,导叶调节,配置冷媒隔离阀,配置可调节流,,AB,
379,设计工况冷冻出水温度5℃的定频机组IPLV与标准机组IPLV完全一致,,,是非题,正确,错误,,,,错误,
380,热气旁通的作用主要是提高IPLV值,,,是非题,正确,错误,,,,错误,
381,油加热器在机组运行过程中并不是全程开启,,,是非题,正确,错误,,,,正确,
382,高压定频机组需客户额外提供380V和220V电源,,,是非题,正确,错误,,,,正确,
383,"名义工况指的是12/7,32/37",,,是非题,正确,错误,,,,错误,
384,集成式磁悬浮单压缩机机组冷量范围？,,,单选题,130-300RT,80-200RT,80-300RT,120-300RT,,A,
385,分体式磁悬浮单压缩机机组冷量范围？,,,单选题,120-800RT,130-800RT,80-800RT,80-1000RT,,C,
386,美的磁悬浮离心机变频器的冷却方式是什么？,,,单选题,冷媒冷却,水冷,风冷,,,A,
387,美的磁悬浮机组标配变频器品牌是什么？,,,单选题,施耐德,美的牌,ABB,丹佛斯,,B,
388,美的磁悬浮离心机标准机保温棉厚度是多少？,,,单选题,20mm,15mm,30mm,40mm,,A,
389,美的磁悬浮离心机标准机水流量范围是多少？,,,单选题,50～120%,30～120%,50～130%,30～130%,,A,
390,美的磁悬浮离心机换热器用的换热管管径是多少？,,,单选题,3/4寸,1寸,1/2寸,2寸,,A,
391,美的磁悬浮离心机标准机是否配置有水流开关？,,,单选题,蒸发器及冷凝器均配置,冷凝器侧配置,蒸发器配置,蒸发器及冷凝器均无,,C,
392,美的磁悬浮离心机的控制屏尺寸及防护等级是多少,,,单选题,10寸/IP65,10寸/IP54,7寸/IP54,10寸/IP55,,A,
393,磁悬浮冷水机组标准机谐波值是多少？,,,单选题,35%左右,30%左右,5%左右,10%左右,,A,
394,以下哪些是我司磁悬浮机组的核心技术？,,,多选题,叶轮水平对置结构,断电保护-自发电模式,断电保护-高强度备降轴承,智能防喘振与高强度抗喘振,,ABCD,
395,以下哪些是我司磁悬浮机组可接单的电制？,,,多选题,380V,415V,460V,10KV,,ABC,
396,美的磁悬浮机组采用独创的微流道变频器技术具有哪些特点？,,,多选题,散热效果更优,柜体尺寸更紧凑,变频器可靠性更高,无水冷变频柜脏堵问题,,ABCD,
397,美的磁悬浮离心机主要组成部件有哪些？,,,多选题,压缩机,蒸发器,冷凝器,经济器,,ABCD,
398,以下哪些为我司磁悬浮离心机可选配项目？,,,多选题,1.6MPA承压,流量计,快速启动,BACnet通讯,,ABCD,
399,我司磁悬浮离心机只能做单冷不能做热泵,,,是非题,正确,错误,,,,错误,
400,我司全系列磁悬浮离心机标准机均为国标双一级能效。,,,是非题,正确,错误,,,,错误,
401,我司变频直驱系列及磁悬浮系列离心机，压缩机电机均使用的永磁同步电机。,,,是非题,正确,错误,,,,错误,
402,我司变频直驱系列及磁悬浮系列离心机，压缩机均为双级压缩，水平対置结构。,,,是非题,正确,错误,,,,正确,
403,我司全系列磁悬浮离心压缩机防护等级标配IP67.,,,是非题,正确,错误,,,,错误,
404,风冷机组融霜时间不应超过运行周期时间的______%。,,,单选题,10,20,30,40,,B,
405,美的SHAF-H系列机组标配启动方式_____。,,,单选题,变频启动,星三角,闭式星三角,固态软启,,B,
406,美的SCAF-HV系列机组单压缩机调节范围_____。,,,单选题,25%~100%,20%~100%,12.5%~100%,10%~100%,,D,
407,美的SCAF-HV系列机组压缩机功率因素_____。,,,单选题,≥0.8,≥0.88,≥0.9,≥0.92,,D,
408,风冷螺杆压缩机电机绝缘等级_____级。,,,单选题,A,E,B,F,,D,
409,螺杆压缩机供油方式是_____。,,,单选题,重力式,压差式,喷油式,飞溅式,,B,
410,美的SHAF-H系列机组水流量变化范围_____。,,,单选题,50%~100%,50%~110%,50%~120%,50%~130%,,D,
411,美的风冷螺杆机组标配______水流开关。,,,单选题,压差式,靶式,热线式,重力式,,B,
412,美的SHAF-H系列标准机制热工况环温范围_____。,,,单选题,-7~21℃,5~52℃ ,-10~30℃,10~48℃,,C,
413,美的SHAF-H系列最多_____台（单模块）主从机控制。,,,单选题,5,6,7,8,,D,
414,依据GB19577-2024，以下机组能进行能效等级认证的是_____。,,,多选题,舒适型水冷机组,舒适型风冷机组,工艺型水冷机组,工艺型风冷机组,数据中心专用型水冷机组,ABE,
415,依据GB19577-2024，风冷机组能效评价指标_____。,,,多选题,COP,IPLV,CSPF,ACCOP,,AC,
416,美的SHAF-H系列机组可选配置有_____。,,,多选题,冰蓄冷,60℃出水,热回收,全年制冷,,ABD,
417,以下制冷剂ODP为0的是_______。,,,多选题,R32,R134a,R410a,R22,,ABC,
418,以下制冷安全等级是A1级的是_____。,,,多选题,R290,R134a,R411a,R515B,,BCD,
419,美的风冷大涡旋标配靶式水流开关。,,,判断题,正确,错误,,,,错误,
420,美的SHAF-H系列机组节流方式采用热力膨胀阀。,,,判断题,正确,错误,,,,错误,
421,美的低温大涡旋执行国标规范GB/T25127.1-2020《低环境温度空气源热泵（冷水）机组 第1部分：工业或商业用及类似用途的热泵（冷水）机组》。,,,判断题,正确,错误,,,,错误,
422,风冷大涡旋标配7寸LCD显示屏。,,,判断题,正确,错误,,,,错误,
423,风冷大涡旋空气侧换热器结构形式采用倒M型。,,,判断题,正确,错误,,,,错误,
424,我司SCWE100H-B定频水冷螺杆的负荷调节范围是多少？,,,单选题,8%~100%,15%~100%,10%~100%,25%~100%,,D,
425,我司变频螺杆SCWF系列双机头负荷调节范围是多少？,,,单选题,8%~100%,15%~100%,10%~100%,25%~100%,,A,
426,我司变频高温螺杆热泵系列负荷调节范围是多少？,,,单选题,8%~100%,15%~100%,10%~100%,25%~100%,,D,
427,我司水冷螺杆做热回收有几个壳管？,,,单选题,1,2,3,4,,C,
428,我司变频高温螺杆热泵R134A运行时冷凝器最高出水温度为多少℃？,,,单选题,60,80,85,95,,C,
429,水冷螺杆冷冻水出水温度升高1℃，主机效率提升约？,,,单选题,1%,2%,3%,4%,,C,
430,美的常规低温蓄冷水冷螺杆机组，冷冻水最低出水温度是多少？,,,单选题,-10,-6,-5,-8,,B,
431,美的定频系列螺杆式冷水机组常规的启动方式是？,,,单选题,直接启动,固态软启动,变频启动,星三角启动,,D,
432,我司水冷螺杆标准机标配触摸屏是多少寸？,,,单选题,7,10,12,15,,A,
433,我司水冷螺杆标准机的技术特点不含以下哪个？,,,单选题,半封闭压缩机,降膜蒸发器,冷媒冷却电机,环保冷媒,,B,
434,我司水冷涡旋标准模块有哪几个冷量？,,,多选题,50RT,75RT,110RT,130RT,,ABC,
435,我司高温变频螺杆热泵机组可以用哪些冷媒？,,,多选题,R515B,R410a,R32,R134a,,AD,
436,我司常规水冷螺杆机组包含以下哪些系统零部件？,,,多选题,油分离器,冷油器,经济器,冷媒过滤器,,AD,
437,以下关于美的SCWF-EV系列变频水冷螺杆机组正确的有,,,多选题,采用全封闭式压缩机,采用第三代5齿对6齿螺旋转子,压缩机电机防护等级IP54，绝缘等级F级,采用三重回油系统,,BCD,
438,对于地铁等负荷波动变化比较大的应用场所，适宜推荐哪些系统冷水机组？,,,多选题,CCWG系列,SCWF-EV系列,SCWE-H-B系列,RHWE系列,,AB,
439,我司定频水冷螺杆的出水温度控制精度为±0.1℃,,,是非题,正确,错误,,,,B,
440,我司双机头水冷螺杆机组现场配电只需要一路强电进线即可,,,是非题,正确,错误,,,,A,
441,我司双机头水冷螺杆标准机为双冷媒系统,,,是非题,正确,错误,,,,B,
442,我司水冷螺杆机不能做变频水地源热泵,,,是非题,正确,错误,,,,B,
443,我司水冷螺杆机组压缩机电机采用冷媒吸气冷却,,,是非题,正确,错误,,,,A,
444,某风量为30000m3⁄h的空气处理机组，表冷器迎面风速2.4m/s，冷水进水温度6℃，设计送风温度15.5℃，表冷器位于送风机上游。该机组夏季运行中发现机组底部渗水，打开检修门发现凝水盘大量积水。出现上述现象最有可能的原因，是下列哪一项？,,,单选题,未设挡水板,冷水进水温度偏低,凝水盘排水管未设水封或水封高度不够,表冷器换热面积过大,,C,
445,以下关于美的标准空调箱说法，哪项是错误的？,,,单选题,吊式F系列空调箱，箱体最低厚度为390mm,吊式G系列空调箱，箱体最低厚度为390mm,吊式F系列空调箱，最大风量15000m3/h,吊式G系列空调箱，最大风量15000m3/h,,B,
446,以下关于美的标准射流G系列空调箱说法，哪项是错误的？,,,单选题,02D型号有1个喷口,06D型号有2个喷口,10D型号射程范围20~30m,15D型号射程范围35~45m,,D,
447,以下关于美的标准射流G系列空调箱说法，哪项是正确的？,,,单选题,射流喷口采用电动可调式球形喷口,可根据用户特殊要求选配板式初效或中效过滤器，过滤效率可达G4、F6、F8级。,面对机组进风口（顺气流方向），接管在左为左接，反之为右接,机组冷量计算条件：进水温度5℃，温差7℃,,C,
448,以下关于美的标准吊式F系列空调箱说法，哪项是错误的？,,,单选题,箱体外面板采用优质镀锌板,低风量机型取消传统皮带传动方案，采用双出轴直驱结构设计,机组的凝结水采用提升泵进行排放，可适应各种安装场景,标配尼龙网,,C,
449,以下关于美的标准四代立式空调箱（D系列）说法，哪项是错误的？,,,单选题,机组采用新型复合材料，箱体强度达欧洲2级指标,机组分为吊式、卧式、立式、直膨式,整机箱体的防冷桥系数满足欧洲空气处理机组标准EN1886的TB2级要求，防凝露效果出色，气密性好,卧式系列风量范围5000-50000m3/h,,B,
450,以下关于美的标准四代立式空调箱（D系列）定制项说法，哪项是正确的？,,,单选题,可定制镀锌板水盘,可定制铝合金挡水板或不锈钢挡水板,可定制F6+静电除尘,可定制微雾加湿或直排水湿膜加湿,,B,
451,空调区湿度控制精度要求严格(≤±5%)，满足使用条件情况下，对应组空加湿器宜采用,,,单选题,干蒸汽加湿,湿膜加湿,淋水加湿,高压喷雾加湿,,A,
452,下面那种段位的组空最可能是用于一次回风空调系统,,,单选题,混合段+袋式粗效段+表冷挡水段+热水加热段+送风机段,新风段+袋式粗效段+表冷挡水段+热水加热段+送风机段,新风段+袋式粗效段+中间段+表冷挡水段+热水加热段+送风机段,混合段+袋式粗效段+表冷挡水段+回风段+热水加热段+送风机段,,A,
453,某空调工程夏季采用表冷器处理空气，当实际运行风量小于设计风量时（进风参数、进水温度、水流量不变），关于该表冷器处理能力和空气参数的变化，下列哪几项是正确的？,,,多选题,总换热量下降,总换热量上升,出口处空气含湿量降低,出口处空气干球温度升高,,AC,
454,某空调系统设有风管电加热器，下列设计要求中，哪几项是正确的？,,,多选题,系统启动时，风机开启后、延时开启电加热器,系统停止时，电加热器关闭、延时停止风机,针对风机无风电加热器断电保护的要求，采用与风机电机开关连锁同时启停的措施,电加热器采用接地及剩余电流保护措施,,ABD,
455,下列关于空气处理过程的描述，哪几项是正确的？,,,多选题,湿膜加湿为等焓加湿过程,电极、电加热加湿为等温加湿过程,高压微雾为等焓加湿过程,表冷器降温除湿为减焓减湿过程,,ABCD,
456,属于直接膨胀式系统的是哪几项？,,,多选题,多联机,工业柜机,蒸发冷凝冷水机组,吊式射流空调箱,,AB,
457,以下关于组空说法那些是正确的？,,,多选题,洁净场合，高效过滤器设置于系统末端,舒适性空调系统，过滤器可设置在机组的负压段,亲水铝翅片是在普通铝箔表面涂上一层亲水膜,目前美的组空所用风机主要是轴流风机,,ABC,
458,请判断：IP防护等级是由两个数字所组成，第1个数字表示防外物，防尘侵入的等级，第2个数字表示防水侵入的密闭程度,,,是非题,正确,错误,,,,正确,
459,请判断：空调箱型号MKS03DSY，代表机型风量3000m3/h，形式为卧式空调机组,,,是非题,正确,错误,,,,错误,
460,请判断：美的直膨机/组空总高大于2900mm或者机组总宽大于4100mm，采用散件运输；其余为整机分段运输；,,,是非题,正确,错误,,,,正确,
461,请判断：美的直膨机/组空面板厚度有20mm、30mm、50mm几档可定制；,,,是非题,正确,错误,,,,错误,
462,MDV9室内机与MDV8室内机不通用？,是非题,,是非题,正确,错误,,,,,
463,MDV9室外机内置电表为选配项？,是非题,,是非题,正确,错误,,,,,
464,以下哪些是非可燃性的冷媒？,多选题,,多选题,R290,R515B,R410A,R134a,R1233zd(E),B，C，D，E,
465,以下哪些是差异化定制产品？,多选题,,多选题,风冷螺杆：R134a单冷机组,冰（水）蓄冷水冷螺杆,CCWG双机头磁悬浮,RHWE/RCWE系列水冷涡旋,,A，B，C,
466,MDV9是行业内唯一可纯直流输入，随时接入光伏进行绿电消纳的设备,是非题,,是非题,正确,错误,,,,A,
467,菱王电梯目前在国内拥有多少个基地？,单选题,,单选题,2,3,4,5,,D,
468,以下哪个不是菱王载货电梯的系列产品？,单选题,,单选题,菱敏商务系列,菱王战斗机系列,菱畅高速系列,菱硕重载系列,,B,
469,以下哪几项不是菱王电梯的卖点？,单选题,,单选题,全国销量领先,载重领先,运载效率领先,运行速度领先,提升高度领先,C,
470,以下哪几项是领沃电梯国债换新产品升级亮点？,多选题,,,轿厢装潢升级,安全配置升级,运载效率升级,智能化升级,服务升级,ABCDE,
471,"LINVOL别墅电梯分为HOMIN土建，HOMI观光，CUBY-S平台梯3个系列，它们均为钢带梯, 配置永磁同步钢带曳引主机",是非题,,是非题,正确,错误,,,,正确,
472,以下哪些城市是东芝电梯工厂所在地？,多选题,,,上海,郑州,沈阳,广州,重庆,"A,C",
473,东芝超高速电梯曾以16.8m/s速度获得吉尼斯世界纪录认证。,是非题,,是非题,正确,错误,,,,正确,
474,以下属于东芝电梯经典项目案例的是？,多选题,,多选题,上海环球金融中心,台北101,东京晴空塔,上海浦东国际机场卫星厅,澳门银河酒店,ABCDE,
475,东芝电梯于哪一年进入中国？,单选题,,单选题,1993年,1994年,1995年,1996年,,C,
476,以下哪项属于东芝电梯独有的前沿领先电梯技术？,单选题,,单选题,螺杆调节层间距的双层轿厢技术,远程监控技术,特种畜牧电梯,50T超大载重货梯,,A,
477,高效制冷机房系统能效指标业内共识的高效机房的最低标准是多少,单选题,,单选题,7,6,5,4,,C,
478,美的楼宇科技哪个基地工厂被评为“灯塔工厂”,单选题,,单选题,重庆工厂,合肥工厂,顺德工厂,荆州工厂,,A,
479,蒸汽高温热泵现在最多做到多少度,单选题,,单选题,110-125,130-145,160-175,180-195,,D,
480,楼控控制器是用220V供电的,是非题,,是非题,正确,错误,,,,错误,
481,美的磁悬浮机组可定制10KV电压,是非题,,是非题,正确,错误,,,,错误,
482,哪些是广东美的暖通设备有限公司目前具备的资质？,多选题,,多选题,机电工程施工总承包一级,电子与智能化工程专业承包一级,电子与智能化工程专业承包二级,建筑机电安装工程专业承包二级,,ACD,
483,在高温热泵替代锅炉的应用中，行业内说的1蒸吨，大概是多少兆瓦？,单选题,,单选题,0.5,0.7,0.9,1,,B,
484,美的磁悬浮整机最新质保政策是几年？,单选题,,单选题,2,3,5,10,,C,
485,美的楼宇科技节能改造除了花旗大厦，还有哪些典型的案例,多选题,,多选题,广东奥体中心,北京鼎好DH3,复旦大学附属公共卫生中心,上海市第一百货大厦,鸟巢国家体育场(多联机),ABCDE,
486,变频高温螺杆热泵R134A运行时冷凝器最高出水温度为？,单选题,,单选题,80℃,75℃,85℃,90℃,,C,
487,美的风冷大涡旋能效等级为COP新国标一级,是非题,,是非题,正确,错误,,,,错误,
488,变频烈焰二代DNL-VE4800/NSN8-H3（T）单线控器最大并联台数为几台,单选题,,单选题,4,5,8,16,,B,
489,以下是工业高温热泵可用的热源是？,多选题,,多选题,高温废水,高温废气,地下水,地表水,,AB,
490,哪个不是美的应对工业场景的水机产品,单选题,,单选题,高温离心热泵,磁悬浮冷机,工业柜机,高温螺杆热泵,,C,
491,楼控控制对象包括哪些系统,多选题,,多选题,空调系统,消防排烟系统,给排水系统,照明系统,,ACD,
492,高效制冷机房预估初投资大约2500～3000/rt,是非题,,是非题,正确,错误,,,,正确,
